[
  {
    "model": "tests.test",
    "pk": 1,
    "fields": {
      "user": 1,
      "name": "Sample Test 1",
      "description": "This is a sample test description for Test 1.",
      "created_at": "2024-08-12T12:00:00Z",
      "updated_at": "2024-08-12T12:00:00Z"
    }
  },
  {
    "model": "tests.test",
    "pk": 2,
    "fields": {
      "user": 1,
      "name": "Sample Test 2",
      "description": "This is a sample test description for Test 2.",
      "created_at": "2024-08-12T12:00:00Z",
      "updated_at": "2024-08-12T12:00:00Z"
    }
  },
  {
    "model": "tests.question",
    "pk": 1,
    "fields": {
      "test": 1,
      "text": "Question 1 for Test 1",
      "created_at": "2024-08-12T12:00:00Z",
      "updated_at": "2024-08-12T12:00:00Z"
    }
  },
  {
    "model": "tests.question",
    "pk": 2,
    "fields": {
      "test": 1,
      "text": "Question 2 for Test 1",
      "created_at": "2024-08-12T12:00:00Z",
      "updated_at": "2024-08-12T12:00:00Z"
    }
  },
  {
    "model": "tests.question",
    "pk": 3,
    "fields": {
      "test": 1,
      "text": "Question 3 for Test 1",
      "created_at": "2024-08-12T12:00:00Z",
      "updated_at": "2024-08-12T12:00:00Z"
    }
  },
  {
    "model": "tests.question",
    "pk": 4,
    "fields": {
      "test": 1,
      "text": "Question 4 for Test 1",
      "created_at": "2024-08-12T12:00:00Z",
      "updated_at": "2024-08-12T12:00:00Z"
    }
  },
  {
    "model": "tests.question",
    "pk": 5,
    "fields": {
      "test": 1,
      "text": "Question 5 for Test 1",
      "created_at": "2024-08-12T12:00:00Z",
      "updated_at": "2024-08-12T12:00:00Z"
    }
  },
  {
    "model": "tests.question",
    "pk": 6,
    "fields": {
      "test": 2,
      "text": "Question 1 for Test 2",
      "created_at": "2024-08-12T12:00:00Z",
      "updated_at": "2024-08-12T12:00:00Z"
    }
  },
  {
    "model": "tests.question",
    "pk": 7,
    "fields": {
      "test": 2,
      "text": "Question 2 for Test 2",
      "created_at": "2024-08-12T12:00:00Z",
      "updated_at": "2024-08-12T12:00:00Z"
    }
  },
  {
    "model": "tests.question",
    "pk": 8,
    "fields": {
      "test": 2,
      "text": "Question 3 for Test 2",
      "created_at": "2024-08-12T12:00:00Z",
      "updated_at": "2024-08-12T12:00:00Z"
    }
  },
  {
    "model": "tests.question",
    "pk": 9,
    "fields": {
      "test": 2,
      "text": "Question 4 for Test 2",
      "created_at": "2024-08-12T12:00:00Z",
      "updated_at": "2024-08-12T12:00:00Z"
    }
  },
  {
    "model": "tests.question",
    "pk": 10,
    "fields": {
      "test": 2,
      "text": "Question 5 for Test 2",
      "created_at": "2024-08-12T12:00:00Z",
      "updated_at": "2024-08-12T12:00:00Z"
    }
  },
  {
    "model": "tests.question",
    "pk": 11,
    "fields": {
      "test": 2,
      "text": "Question 6 for Test 2",
      "created_at": "2024-08-12T12:00:00Z",
      "updated_at": "2024-08-12T12:00:00Z"
    }
  },
  {
    "model": "tests.question",
    "pk": 12,
    "fields": {
      "test": 2,
      "text": "Question 7 for Test 2",
      "created_at": "2024-08-12T12:00:00Z",
      "updated_at": "2024-08-12T12:00:00Z"
    }
  },
  {
    "model": "tests.question",
    "pk": 13,
    "fields": {
      "test": 2,
      "text": "Question 8 for Test 2",
      "created_at": "2024-08-12T12:00:00Z",
      "updated_at": "2024-08-12T12:00:00Z"
    }
  },
  {
    "model": "tests.question",
    "pk": 14,
    "fields": {
      "test": 2,
      "text": "Question 9 for Test 2",
      "created_at": "2024-08-12T12:00:00Z",
      "updated_at": "2024-08-12T12:00:00Z"
    }
  },
  {
    "model": "tests.question",
    "pk": 15,
    "fields": {
      "test": 2,
      "text": "Question 10 for Test 2",
      "created_at": "2024-08-12T12:00:00Z",
      "updated_at": "2024-08-12T12:00:00Z"
    }
  },
  {
    "model": "tests.answer",
    "pk": 1,
    "fields": {
      "question": 1,
      "letter": "A",
      "text": "Answer A for Question 1",
      "is_correct": false,
      "created_at": "2024-08-12T12:00:00Z",
      "updated_at": "2024-08-12T12:00:00Z"
    }
  },
  {
    "model": "tests.answer",
    "pk": 2,
    "fields": {
      "question": 1,
      "letter": "B",
      "text": "Answer B for Question 1",
      "is_correct": false,
      "created_at": "2024-08-12T12:00:00Z",
      "updated_at": "2024-08-12T12:00:00Z"
    }
  },
  {
    "model": "tests.answer",
    "pk": 3,
    "fields": {
      "question": 1,
      "letter": "C",
      "text": "Answer C for Question 1",
      "is_correct": true,
      "created_at": "2024-08-12T12:00:00Z",
      "updated_at": "2024-08-12T12:00:00Z"
    }
  },
  {
    "model": "tests.answer",
    "pk": 4,
    "fields": {
      "question": 1,
      "letter": "D",
      "text": "Answer D for Question 1",
      "is_correct": false,
      "created_at": "2024-08-12T12:00:00Z",
      "updated_at": "2024-08-12T12:00:00Z"
    }
  },
  {
    "model": "tests.answer",
    "pk": 5,
    "fields": {
      "question": 2,
      "letter": "A",
      "text": "Answer A for Question 2",
      "is_correct": false,
      "created_at": "2024-08-12T12:00:00Z",
      "updated_at": "2024-08-12T12:00:00Z"
    }
  },
  {
    "model": "tests.answer",
    "pk": 6,
    "fields": {
      "question": 2,
      "letter": "B",
      "text": "Answer B for Question 2",
      "is_correct": true,
      "created_at": "2024-08-12T12:00:00Z",
      "updated_at": "2024-08-12T12:00:00Z"
    }
  },
  {
    "model": "tests.answer",
    "pk": 7,
    "fields": {
      "question": 2,
      "letter": "C",
      "text": "Answer C for Question 2",
      "is_correct": false,
      "created_at": "2024-08-12T12:00:00Z",
      "updated_at": "2024-08-12T12:00:00Z"
    }
  },
  {
    "model": "tests.answer",
    "pk": 8,
    "fields": {
      "question": 2,
      "letter": "D",
      "text": "Answer D for Question 2",
      "is_correct": false,
      "created_at": "2024-08-12T12:00:00Z",
      "updated_at": "2024-08-12T12:00:00Z"
    }
  },
  {
    "model": "tests.answer",
    "pk": 9,
    "fields": {
      "question": 3,
      "letter": "A",
      "text": "Answer A for Question 3",
      "is_correct": true,
      "created_at": "2024-08-12T12:00:00Z",
      "updated_at": "2024-08-12T12:00:00Z"
    }
  },
  {
    "model": "tests.answer",
    "pk": 10,
    "fields": {
      "question": 3,
      "letter": "B",
      "text": "Answer B for Question 3",
      "is_correct": false,
      "created_at": "2024-08-12T12:00:00Z",
      "updated_at": "2024-08-12T12:00:00Z"
    }
  },
  {
    "model": "tests.answer",
    "pk": 11,
    "fields": {
      "question": 3,
      "letter": "C",
      "text": "Answer C for Question 3",
      "is_correct": false,
      "created_at": "2024-08-12T12:00:00Z",
      "updated_at": "2024-08-12T12:00:00Z"
    }
  },
  {
    "model": "tests.answer",
    "pk": 12,
    "fields": {
      "question": 3,
      "letter": "D",
      "text": "Answer D for Question 3",
      "is_correct": false,
      "created_at": "2024-08-12T12:00:00Z",
      "updated_at": "2024-08-12T12:00:00Z"
    }
  },
  {
    "model": "tests.answer",
    "pk": 13,
    "fields": {
      "question": 4,
      "letter": "A",
      "text": "Answer A for Question 4",
      "is_correct": false,
      "created_at": "2024-08-12T12:00:00Z",
      "updated_at": "2024-08-12T12:00:00Z"
    }
  },
  {
    "model": "tests.answer",
    "pk": 14,
    "fields": {
      "question": 4,
      "letter": "B",
      "text": "Answer B for Question 4",
      "is_correct": true,
      "created_at": "2024-08-12T12:00:00Z",
      "updated_at": "2024-08-12T12:00:00Z"
    }
  },
  {
    "model": "tests.answer",
    "pk": 15,
    "fields": {
      "question": 4,
      "letter": "C",
      "text": "Answer C for Question 4",
      "is_correct": false,
      "created_at": "2024-08-12T12:00:00Z",
      "updated_at": "2024-08-12T12:00:00Z"
    }
  },
  {
    "model": "tests.answer",
    "pk": 16,
    "fields": {
      "question": 4,
      "letter": "D",
      "text": "Answer D for Question 4",
      "is_correct": false,
      "created_at": "2024-08-12T12:00:00Z",
      "updated_at": "2024-08-12T12:00:00Z"
    }
  },
  {
    "model": "tests.answer",
    "pk": 17,
    "fields": {
      "question": 5,
      "letter": "A",
      "text": "Answer A for Question 5",
      "is_correct": false,
      "created_at": "2024-08-12T12:00:00Z",
      "updated_at": "2024-08-12T12:00:00Z"
    }
  },
  {
    "model": "tests.answer",
    "pk": 18,
    "fields": {
      "question": 5,
      "letter": "B",
      "text": "Answer B for Question 5",
      "is_correct": true,
      "created_at": "2024-08-12T12:00:00Z",
      "updated_at": "2024-08-12T12:00:00Z"
    }
  },
  {
    "model": "tests.answer",
    "pk": 19,
    "fields": {
      "question": 5,
      "letter": "C",
      "text": "Answer C for Question 5",
      "is_correct": false,
      "created_at": "2024-08-12T12:00:00Z",
      "updated_at": "2024-08-12T12:00:00Z"
    }
  },
  {
    "model": "tests.answer",
    "pk": 20,
    "fields": {
      "question": 5,
      "letter": "D",
      "text": "Answer D for Question 5",
      "is_correct": false,
      "created_at": "2024-08-12T12:00:00Z",
      "updated_at": "2024-08-12T12:00:00Z"
    }
  },
  {
    "model": "tests.answer",
    "pk": 21,
    "fields": {
      "question": 6,
      "letter": "A",
      "text": "Answer A for Question 6",
      "is_correct": false,
      "created_at": "2024-08-12T12:00:00Z",
      "updated_at": "2024-08-12T12:00:00Z"
    }
  },
  {
    "model": "tests.answer",
    "pk": 22,
    "fields": {
      "question": 6,
      "letter": "B",
      "text": "Answer B for Question 6",
      "is_correct": false,
      "created_at": "2024-08-12T12:00:00Z",
      "updated_at": "2024-08-12T12:00:00Z"
    }
  },
  {
    "model": "tests.answer",
    "pk": 23,
    "fields": {
      "question": 6,
      "letter": "C",
      "text": "Answer C for Question 6",
      "is_correct": true,
      "created_at": "2024-08-12T12:00:00Z",
      "updated_at": "2024-08-12T12:00:00Z"
    }
  },
  {
    "model": "tests.answer",
    "pk": 24,
    "fields": {
      "question": 6,
      "letter": "D",
      "text": "Answer D for Question 6",
      "is_correct": false,
      "created_at": "2024-08-12T12:00:00Z",
      "updated_at": "2024-08-12T12:00:00Z"
    }
  },
  {
    "model": "tests.answer",
    "pk": 25,
    "fields": {
      "question": 7,
      "letter": "A",
      "text": "Answer A for Question 7",
      "is_correct": false,
      "created_at": "2024-08-12T12:00:00Z",
      "updated_at": "2024-08-12T12:00:00Z"
    }
  },
  {
    "model": "tests.answer",
    "pk": 26,
    "fields": {
      "question": 7,
      "letter": "B",
      "text": "Answer B for Question 7",
      "is_correct": true,
      "created_at": "2024-08-12T12:00:00Z",
      "updated_at": "2024-08-12T12:00:00Z"
    }
  },
  {
    "model": "tests.answer",
    "pk": 27,
    "fields": {
      "question": 7,
      "letter": "C",
      "text": "Answer C for Question 7",
      "is_correct": false,
      "created_at": "2024-08-12T12:00:00Z",
      "updated_at": "2024-08-12T12:00:00Z"
    }
  },
  {
    "model": "tests.answer",
    "pk": 28,
    "fields": {
      "question": 7,
      "letter": "D",
      "text": "Answer D for Question 7",
      "is_correct": false,
      "created_at": "2024-08-12T12:00:00Z",
      "updated_at": "2024-08-12T12:00:00Z"
    }
  },
  {
    "model": "tests.answer",
    "pk": 29,
    "fields": {
      "question": 8,
      "letter": "A",
      "text": "Answer A for Question 8",
      "is_correct": false,
      "created_at": "2024-08-12T12:00:00Z",
      "updated_at": "2024-08-12T12:00:00Z"
    }
  },
  {
    "model": "tests.answer",
    "pk": 30,
    "fields": {
      "question": 8,
      "letter": "B",
      "text": "Answer B for Question 8",
      "is_correct": true,
      "created_at": "2024-08-12T12:00:00Z",
      "updated_at": "2024-08-12T12:00:00Z"
    }
  },
  {
    "model": "tests.answer",
    "pk": 31,
    "fields": {
      "question": 8,
      "letter": "C",
      "text": "Answer C for Question 8",
      "is_correct": false,
      "created_at": "2024-08-12T12:00:00Z",
      "updated_at": "2024-08-12T12:00:00Z"
    }
  },
  {
    "model": "tests.answer",
    "pk": 32,
    "fields": {
      "question": 8,
      "letter": "D",
      "text": "Answer D for Question 8",
      "is_correct": false,
      "created_at": "2024-08-12T12:00:00Z",
      "updated_at": "2024-08-12T12:00:00Z"
    }
  },
  {
    "model": "tests.answer",
    "pk": 33,
    "fields": {
      "question": 9,
      "letter": "A",
      "text": "Answer A for Question 9",
      "is_correct": false,
      "created_at": "2024-08-12T12:00:00Z",
      "updated_at": "2024-08-12T12:00:00Z"
    }
  },
  {
    "model": "tests.answer",
    "pk": 34,
    "fields": {
      "question": 9,
      "letter": "B",
      "text": "Answer B for Question 9",
      "is_correct": true,
      "created_at": "2024-08-12T12:00:00Z",
      "updated_at": "2024-08-12T12:00:00Z"
    }
  },
  {
    "model": "tests.answer",
    "pk": 35,
    "fields": {
      "question": 9,
      "letter": "C",
      "text": "Answer C for Question 9",
      "is_correct": false,
      "created_at": "2024-08-12T12:00:00Z",
      "updated_at": "2024-08-12T12:00:00Z"
    }
  },
  {
    "model": "tests.answer",
    "pk": 36,
    "fields": {
      "question": 9,
      "letter": "D",
      "text": "Answer D for Question 9",
      "is_correct": false,
      "created_at": "2024-08-12T12:00:00Z",
      "updated_at": "2024-08-12T12:00:00Z"
    }
  },
  {
    "model": "tests.answer",
    "pk": 37,
    "fields": {
      "question": 10,
      "letter": "A",
      "text": "Answer A for Question 10",
      "is_correct": true,
      "created_at": "2024-08-12T12:00:00Z",
      "updated_at": "2024-08-12T12:00:00Z"
    }
  },
  {
    "model": "tests.answer",
    "pk": 38,
    "fields": {
      "question": 10,
      "letter": "B",
      "text": "Answer B for Question 10",
      "is_correct": false,
      "created_at": "2024-08-12T12:00:00Z",
      "updated_at": "2024-08-12T12:00:00Z"
    }
  },
  {
    "model": "tests.answer",
    "pk": 39,
    "fields": {
      "question": 10,
      "letter": "C",
      "text": "Answer C for Question 10",
      "is_correct": false,
      "created_at": "2024-08-12T12:00:00Z",
      "updated_at": "2024-08-12T12:00:00Z"
    }
  },
  {
    "model": "tests.answer",
    "pk": 40,
    "fields": {
      "question": 10,
      "letter": "D",
      "text": "Answer D for Question 10",
      "is_correct": false,
      "created_at": "2024-08-12T12:00:00Z",
      "updated_at": "2024-08-12T12:00:00Z"
    }
  },
  {
    "model": "tests.answer",
    "pk": 41,
    "fields": {
      "question": 11,
      "letter": "A",
      "text": "Answer A for Question 11",
      "is_correct": false,
      "created_at": "2024-08-12T12:00:00Z",
      "updated_at": "2024-08-12T12:00:00Z"
    }
  },
  {
    "model": "tests.answer",
    "pk": 42,
    "fields": {
      "question": 11,
      "letter": "B",
      "text": "Answer B for Question 11",
      "is_correct": true,
      "created_at": "2024-08-12T12:00:00Z",
      "updated_at": "2024-08-12T12:00:00Z"
    }
  },
  {
    "model": "tests.answer",
    "pk": 43,
    "fields": {
      "question": 11,
      "letter": "C",
      "text": "Answer C for Question 11",
      "is_correct": false,
      "created_at": "2024-08-12T12:00:00Z",
      "updated_at": "2024-08-12T12:00:00Z"
    }
  },
  {
    "model": "tests.answer",
    "pk": 44,
    "fields": {
      "question": 11,
      "letter": "D",
      "text": "Answer D for Question 11",
      "is_correct": false,
      "created_at": "2024-08-12T12:00:00Z",
      "updated_at": "2024-08-12T12:00:00Z"
    }
  },
  {
    "model": "tests.answer",
    "pk": 45,
    "fields": {
      "question": 12,
      "letter": "A",
      "text": "Answer A for Question 12",
      "is_correct": true,
      "created_at": "2024-08-12T12:00:00Z",
      "updated_at": "2024-08-12T12:00:00Z"
    }
  },
  {
    "model": "tests.answer",
    "pk": 46,
    "fields": {
      "question": 12,
      "letter": "B",
      "text": "Answer B for Question 12",
      "is_correct": false,
      "created_at": "2024-08-12T12:00:00Z",
      "updated_at": "2024-08-12T12:00:00Z"
    }
  },
  {
    "model": "tests.answer",
    "pk": 47,
    "fields": {
      "question": 12,
      "letter": "C",
      "text": "Answer C for Question 12",
      "is_correct": false,
      "created_at": "2024-08-12T12:00:00Z",
      "updated_at": "2024-08-12T12:00:00Z"
    }
  },
  {
    "model": "tests.answer",
    "pk": 48,
    "fields": {
      "question": 12,
      "letter": "D",
      "text": "Answer D for Question 12",
      "is_correct": false,
      "created_at": "2024-08-12T12:00:00Z",
      "updated_at": "2024-08-12T12:00:00Z"
    }
  },
  {
    "model": "tests.answer",
    "pk": 49,
    "fields": {
      "question": 13,
      "letter": "A",
      "text": "Answer A for Question 13",
      "is_correct": false,
      "created_at": "2024-08-12T12:00:00Z",
      "updated_at": "2024-08-12T12:00:00Z"
    }
  },
  {
    "model": "tests.answer",
    "pk": 50,
    "fields": {
      "question": 13,
      "letter": "B",
      "text": "Answer B for Question 13",
      "is_correct": true,
      "created_at": "2024-08-12T12:00:00Z",
      "updated_at": "2024-08-12T12:00:00Z"
    }
  },
  {
    "model": "tests.answer",
    "pk": 51,
    "fields": {
      "question": 13,
      "letter": "C",
      "text": "Answer C for Question 13",
      "is_correct": false,
      "created_at": "2024-08-12T12:00:00Z",
      "updated_at": "2024-08-12T12:00:00Z"
    }
  },
  {
    "model": "tests.answer",
    "pk": 52,
    "fields": {
      "question": 13,
      "letter": "D",
      "text": "Answer D for Question 13",
      "is_correct": false,
      "created_at": "2024-08-12T12:00:00Z",
      "updated_at": "2024-08-12T12:00:00Z"
    }
  },
  {
    "model": "tests.answer",
    "pk": 53,
    "fields": {
      "question": 14,
      "letter": "A",
      "text": "Answer A for Question 14",
      "is_correct": false,
      "created_at": "2024-08-12T12:00:00Z",
      "updated_at": "2024-08-12T12:00:00Z"
    }
  },
  {
    "model": "tests.answer",
    "pk": 54,
    "fields": {
      "question": 14,
      "letter": "B",
      "text": "Answer B for Question 14",
      "is_correct": false,
      "created_at": "2024-08-12T12:00:00Z",
      "updated_at": "2024-08-12T12:00:00Z"
    }
  },
  {
    "model": "tests.answer",
    "pk": 55,
    "fields": {
      "question": 14,
      "letter": "C",
      "text": "Answer C for Question 14",
      "is_correct": true,
      "created_at": "2024-08-12T12:00:00Z",
      "updated_at": "2024-08-12T12:00:00Z"
    }
  },
  {
    "model": "tests.answer",
    "pk": 56,
    "fields": {
      "question": 14,
      "letter": "D",
      "text": "Answer D for Question 14",
      "is_correct": false,
      "created_at": "2024-08-12T12:00:00Z",
      "updated_at": "2024-08-12T12:00:00Z"
    }
  },
  {
    "model": "tests.answer",
    "pk": 57,
    "fields": {
      "question": 15,
      "letter": "A",
      "text": "Answer A for Question 15",
      "is_correct": false,
      "created_at": "2024-08-12T12:00:00Z",
      "updated_at": "2024-08-12T12:00:00Z"
    }
  },
  {
    "model": "tests.answer",
    "pk": 58,
    "fields": {
      "question": 15,
      "letter": "B",
      "text": "Answer B for Question 15",
      "is_correct": true,
      "created_at": "2024-08-12T12:00:00Z",
      "updated_at": "2024-08-12T12:00:00Z"
    }
  },
  {
    "model": "tests.answer",
    "pk": 59,
    "fields": {
      "question": 15,
      "letter": "C",
      "text": "Answer C for Question 15",
      "is_correct": false,
      "created_at": "2024-08-12T12:00:00Z",
      "updated_at": "2024-08-12T12:00:00Z"
    }
  },
  {
    "model": "tests.answer",
    "pk": 60,
    "fields": {
      "question": 15,
      "letter": "D",
      "text": "Answer D for Question 15",
      "is_correct": false,
      "created_at": "2024-08-12T12:00:00Z",
      "updated_at": "2024-08-12T12:00:00Z"
    }
  }
]
